experiment,fault_param,fault_param_name,fault_param_val,trefi,trefi_val,ber,ppl,ppl_is_infinite,ppl_is_nan,tres_hours,temp_c,seed
fault_llama_bf16_bitwise16_bit16-0_bersem-independent_lpddr5_Vendor-A_trefi256_tres1h_T45_ber-2.444378033317207e-12_seed-42,bit16-0,bit16,0,trefi256,256,2.444378033317207e-12,12.89646772829322,False,False,1.0,45.0,42
fault_llama_bf16_bitwise16_bit16-1_bersem-independent_lpddr5_Vendor-A_trefi256_tres1h_T45_ber-2.444378033317207e-12_seed-42,bit16-1,bit16,1,trefi256,256,2.444378033317207e-12,12.896976978596323,False,False,1.0,45.0,42
fault_llama_bf16_bitwise16_bit16-2_bersem-independent_lpddr5_Vendor-A_trefi256_tres1h_T45_ber-2.444378033317207e-12_seed-42,bit16-2,bit16,2,trefi256,256,2.444378033317207e-12,12.895083535044176,False,False,1.0,45.0,42
fault_llama_bf16_bitwise16_bit16-3_bersem-independent_lpddr5_Vendor-A_trefi256_tres1h_T45_ber-2.444378033317207e-12_seed-42,bit16-3,bit16,3,trefi256,256,2.444378033317207e-12,12.895541103243573,False,False,1.0,45.0,42
fault_llama_bf16_bitwise16_bit16-4_bersem-independent_lpddr5_Vendor-A_trefi256_tres1h_T45_ber-2.444378033317207e-12_seed-42,bit16-4,bit16,4,trefi256,256,2.444378033317207e-12,12.896511490858213,False,False,1.0,45.0,42
fault_llama_bf16_bitwise16_bit16-5_bersem-independent_lpddr5_Vendor-A_trefi256_tres1h_T45_ber-2.444378033317207e-12_seed-42,bit16-5,bit16,5,trefi256,256,2.444378033317207e-12,12.89449156644604,False,False,1.0,45.0,42
fault_llama_bf16_bitwise16_bit16-6_bersem-independent_lpddr5_Vendor-A_trefi256_tres1h_T45_ber-2.444378033317207e-12_seed-42,bit16-6,bit16,6,trefi256,256,2.444378033317207e-12,12.896610209274746,False,False,1.0,45.0,42
fault_llama_bf16_bitwise16_bit16-7_bersem-independent_lpddr5_Vendor-A_trefi256_tres1h_T45_ber-2.444378033317207e-12_seed-42,bit16-7,bit16,7,trefi256,256,2.444378033317207e-12,12.896569268773579,False,False,1.0,45.0,42
fault_llama_bf16_bitwise16_bit16-8_bersem-independent_lpddr5_Vendor-A_trefi256_tres1h_T45_ber-2.444378033317207e-12_seed-42,bit16-8,bit16,8,trefi256,256,2.444378033317207e-12,12.896585680028052,False,False,1.0,45.0,42
fault_llama_bf16_bitwise16_bit16-9_bersem-independent_lpddr5_Vendor-A_trefi256_tres1h_T45_ber-2.444378033317207e-12_seed-42,bit16-9,bit16,9,trefi256,256,2.444378033317207e-12,12.898551241521488,False,False,1.0,45.0,42
fault_llama_bf16_bitwise16_bit16-10_bersem-independent_lpddr5_Vendor-A_trefi256_tres1h_T45_ber-2.444378033317207e-12_seed-42,bit16-10,bit16,10,trefi256,256,2.444378033317207e-12,13.00021275947873,False,False,1.0,45.0,42
fault_llama_bf16_bitwise16_bit16-11_bersem-independent_lpddr5_Vendor-A_trefi256_tres1h_T45_ber-2.444378033317207e-12_seed-42,bit16-11,bit16,11,trefi256,256,2.444378033317207e-12,12.894921210467407,False,False,1.0,45.0,42
fault_llama_bf16_bitwise16_bit16-12_bersem-independent_lpddr5_Vendor-A_trefi256_tres1h_T45_ber-2.444378033317207e-12_seed-42,bit16-12,bit16,12,trefi256,256,2.444378033317207e-12,12.896355832001092,False,False,1.0,45.0,42
fault_llama_bf16_bitwise16_bit16-13_bersem-independent_lpddr5_Vendor-A_trefi256_tres1h_T45_ber-2.444378033317207e-12_seed-42,bit16-13,bit16,13,trefi256,256,2.444378033317207e-12,12.896272235864458,False,False,1.0,45.0,42
fault_llama_bf16_bitwise16_bit16-14_bersem-independent_lpddr5_Vendor-A_trefi256_tres1h_T45_ber-2.444378033317207e-12_seed-42,bit16-14,bit16,14,trefi256,256,2.444378033317207e-12,nan,False,True,1.0,45.0,42
fault_llama_bf16_bitwise16_bit16-15_bersem-independent_lpddr5_Vendor-A_trefi256_tres1h_T45_ber-2.444378033317207e-12_seed-42,bit16-15,bit16,15,trefi256,256,2.444378033317207e-12,12.896270881638829,False,False,1.0,45.0,42
fault_llama_bf16_bitwise16_bit16-0_bersem-independent_lpddr5_Vendor-A_trefi512_tres1h_T45_ber-2.96405122668375e-11_seed-42,bit16-0,bit16,0,trefi512,512,2.96405122668375e-11,12.895922096349802,False,False,1.0,45.0,42
fault_llama_bf16_bitwise16_bit16-1_bersem-independent_lpddr5_Vendor-A_trefi512_tres1h_T45_ber-2.96405122668375e-11_seed-42,bit16-1,bit16,1,trefi512,512,2.96405122668375e-11,12.897708524912545,False,False,1.0,45.0,42
fault_llama_bf16_bitwise16_bit16-2_bersem-independent_lpddr5_Vendor-A_trefi512_tres1h_T45_ber-2.96405122668375e-11_seed-42,bit16-2,bit16,2,trefi512,512,2.96405122668375e-11,12.894953396439247,False,False,1.0,45.0,42
fault_llama_bf16_bitwise16_bit16-3_bersem-independent_lpddr5_Vendor-A_trefi512_tres1h_T45_ber-2.96405122668375e-11_seed-42,bit16-3,bit16,3,trefi512,512,2.96405122668375e-11,12.895580370703609,False,False,1.0,45.0,42
fault_llama_bf16_bitwise16_bit16-4_bersem-independent_lpddr5_Vendor-A_trefi512_tres1h_T45_ber-2.96405122668375e-11_seed-42,bit16-4,bit16,4,trefi512,512,2.96405122668375e-11,12.89646096035649,False,False,1.0,45.0,42
fault_llama_bf16_bitwise16_bit16-5_bersem-independent_lpddr5_Vendor-A_trefi512_tres1h_T45_ber-2.96405122668375e-11_seed-42,bit16-5,bit16,5,trefi512,512,2.96405122668375e-11,12.894470024151957,False,False,1.0,45.0,42
fault_llama_bf16_bitwise16_bit16-6_bersem-independent_lpddr5_Vendor-A_trefi512_tres1h_T45_ber-2.96405122668375e-11_seed-42,bit16-6,bit16,6,trefi512,512,2.96405122668375e-11,12.896199971800744,False,False,1.0,45.0,42
fault_llama_bf16_bitwise16_bit16-7_bersem-independent_lpddr5_Vendor-A_trefi512_tres1h_T45_ber-2.96405122668375e-11_seed-42,bit16-7,bit16,7,trefi512,512,2.96405122668375e-11,12.895106679437545,False,False,1.0,45.0,42
fault_llama_bf16_bitwise16_bit16-8_bersem-independent_lpddr5_Vendor-A_trefi512_tres1h_T45_ber-2.96405122668375e-11_seed-42,bit16-8,bit16,8,trefi512,512,2.96405122668375e-11,12.896171259410938,False,False,1.0,45.0,42
fault_llama_bf16_bitwise16_bit16-9_bersem-independent_lpddr5_Vendor-A_trefi512_tres1h_T45_ber-2.96405122668375e-11_seed-42,bit16-9,bit16,9,trefi512,512,2.96405122668375e-11,12.899343469554925,False,False,1.0,45.0,42
fault_llama_bf16_bitwise16_bit16-10_bersem-independent_lpddr5_Vendor-A_trefi512_tres1h_T45_ber-2.96405122668375e-11_seed-42,bit16-10,bit16,10,trefi512,512,2.96405122668375e-11,13.000202499744105,False,False,1.0,45.0,42
fault_llama_bf16_bitwise16_bit16-11_bersem-independent_lpddr5_Vendor-A_trefi512_tres1h_T45_ber-2.96405122668375e-11_seed-42,bit16-11,bit16,11,trefi512,512,2.96405122668375e-11,12.894028823805955,False,False,1.0,45.0,42
fault_llama_bf16_bitwise16_bit16-12_bersem-independent_lpddr5_Vendor-A_trefi512_tres1h_T45_ber-2.96405122668375e-11_seed-42,bit16-12,bit16,12,trefi512,512,2.96405122668375e-11,12.896507793161389,False,False,1.0,45.0,42
fault_llama_bf16_bitwise16_bit16-13_bersem-independent_lpddr5_Vendor-A_trefi512_tres1h_T45_ber-2.96405122668375e-11_seed-42,bit16-13,bit16,13,trefi512,512,2.96405122668375e-11,12.896297523250123,False,False,1.0,45.0,42
fault_llama_bf16_bitwise16_bit16-14_bersem-independent_lpddr5_Vendor-A_trefi512_tres1h_T45_ber-2.96405122668375e-11_seed-42,bit16-14,bit16,14,trefi512,512,2.96405122668375e-11,nan,False,True,1.0,45.0,42
fault_llama_bf16_bitwise16_bit16-15_bersem-independent_lpddr5_Vendor-A_trefi512_tres1h_T45_ber-2.96405122668375e-11_seed-42,bit16-15,bit16,15,trefi512,512,2.96405122668375e-11,12.896372411850521,False,False,1.0,45.0,42
fault_llama_bf16_bitwise16_bit16-0_bersem-independent_lpddr5_Vendor-A_trefi1024_tres1h_T45_ber-3.594130548734142e-10_seed-42,bit16-0,bit16,0,trefi1024,1024,3.594130548734142e-10,12.895720416942035,False,False,1.0,45.0,42
fault_llama_bf16_bitwise16_bit16-1_bersem-independent_lpddr5_Vendor-A_trefi1024_tres1h_T45_ber-3.594130548734142e-10_seed-42,bit16-1,bit16,1,trefi1024,1024,3.594130548734142e-10,12.89705290051843,False,False,1.0,45.0,42
fault_llama_bf16_bitwise16_bit16-2_bersem-independent_lpddr5_Vendor-A_trefi1024_tres1h_T45_ber-3.594130548734142e-10_seed-42,bit16-2,bit16,2,trefi1024,1024,3.594130548734142e-10,12.896150449488212,False,False,1.0,45.0,42
fault_llama_bf16_bitwise16_bit16-3_bersem-independent_lpddr5_Vendor-A_trefi1024_tres1h_T45_ber-3.594130548734142e-10_seed-42,bit16-3,bit16,3,trefi1024,1024,3.594130548734142e-10,12.895470408286185,False,False,1.0,45.0,42
fault_llama_bf16_bitwise16_bit16-4_bersem-independent_lpddr5_Vendor-A_trefi1024_tres1h_T45_ber-3.594130548734142e-10_seed-42,bit16-4,bit16,4,trefi1024,1024,3.594130548734142e-10,12.896234024976701,False,False,1.0,45.0,42
fault_llama_bf16_bitwise16_bit16-5_bersem-independent_lpddr5_Vendor-A_trefi1024_tres1h_T45_ber-3.594130548734142e-10_seed-42,bit16-5,bit16,5,trefi1024,1024,3.594130548734142e-10,12.894672741305193,False,False,1.0,45.0,42
fault_llama_bf16_bitwise16_bit16-6_bersem-independent_lpddr5_Vendor-A_trefi1024_tres1h_T45_ber-3.594130548734142e-10_seed-42,bit16-6,bit16,6,trefi1024,1024,3.594130548734142e-10,12.89614028895362,False,False,1.0,45.0,42
fault_llama_bf16_bitwise16_bit16-7_bersem-independent_lpddr5_Vendor-A_trefi1024_tres1h_T45_ber-3.594130548734142e-10_seed-42,bit16-7,bit16,7,trefi1024,1024,3.594130548734142e-10,12.895321854529517,False,False,1.0,45.0,42
fault_llama_bf16_bitwise16_bit16-8_bersem-independent_lpddr5_Vendor-A_trefi1024_tres1h_T45_ber-3.594130548734142e-10_seed-42,bit16-8,bit16,8,trefi1024,1024,3.594130548734142e-10,12.896222038058655,False,False,1.0,45.0,42
fault_llama_bf16_bitwise16_bit16-9_bersem-independent_lpddr5_Vendor-A_trefi1024_tres1h_T45_ber-3.594130548734142e-10_seed-42,bit16-9,bit16,9,trefi1024,1024,3.594130548734142e-10,12.899337027758817,False,False,1.0,45.0,42
fault_llama_bf16_bitwise16_bit16-10_bersem-independent_lpddr5_Vendor-A_trefi1024_tres1h_T45_ber-3.594130548734142e-10_seed-42,bit16-10,bit16,10,trefi1024,1024,3.594130548734142e-10,13.00113044303232,False,False,1.0,45.0,42
fault_llama_bf16_bitwise16_bit16-11_bersem-independent_lpddr5_Vendor-A_trefi1024_tres1h_T45_ber-3.594130548734142e-10_seed-42,bit16-11,bit16,11,trefi1024,1024,3.594130548734142e-10,12.895158279314527,False,False,1.0,45.0,42
fault_llama_bf16_bitwise16_bit16-12_bersem-independent_lpddr5_Vendor-A_trefi1024_tres1h_T45_ber-3.594130548734142e-10_seed-42,bit16-12,bit16,12,trefi1024,1024,3.594130548734142e-10,12.896149130319207,False,False,1.0,45.0,42
fault_llama_bf16_bitwise16_bit16-13_bersem-independent_lpddr5_Vendor-A_trefi1024_tres1h_T45_ber-3.594130548734142e-10_seed-42,bit16-13,bit16,13,trefi1024,1024,3.594130548734142e-10,12.895944497634398,False,False,1.0,45.0,42
fault_llama_bf16_bitwise16_bit16-14_bersem-independent_lpddr5_Vendor-A_trefi1024_tres1h_T45_ber-3.594130548734142e-10_seed-42,bit16-14,bit16,14,trefi1024,1024,3.594130548734142e-10,nan,False,True,1.0,45.0,42
fault_llama_bf16_bitwise16_bit16-15_bersem-independent_lpddr5_Vendor-A_trefi1024_tres1h_T45_ber-3.594130548734142e-10_seed-42,bit16-15,bit16,15,trefi1024,1024,3.594130548734142e-10,12.89602805735409,False,False,1.0,45.0,42
fault_llama_bf16_bitwise16_bit16-0_bersem-independent_lpddr5_Vendor-A_trefi2048_tres1h_T45_ber-1.691618138677242e-06_seed-42,bit16-0,bit16,0,trefi2048,2048,1.691618138677242e-06,12.895175166793841,False,False,1.0,45.0,42
fault_llama_bf16_bitwise16_bit16-1_bersem-independent_lpddr5_Vendor-A_trefi2048_tres1h_T45_ber-1.691618138677242e-06_seed-42,bit16-1,bit16,1,trefi2048,2048,1.691618138677242e-06,12.895758387890867,False,False,1.0,45.0,42
fault_llama_bf16_bitwise16_bit16-2_bersem-independent_lpddr5_Vendor-A_trefi2048_tres1h_T45_ber-1.691618138677242e-06_seed-42,bit16-2,bit16,2,trefi2048,2048,1.691618138677242e-06,12.893927043167116,False,False,1.0,45.0,42
fault_llama_bf16_bitwise16_bit16-3_bersem-independent_lpddr5_Vendor-A_trefi2048_tres1h_T45_ber-1.691618138677242e-06_seed-42,bit16-3,bit16,3,trefi2048,2048,1.691618138677242e-06,12.896039487716722,False,False,1.0,45.0,42
fault_llama_bf16_bitwise16_bit16-4_bersem-independent_lpddr5_Vendor-A_trefi2048_tres1h_T45_ber-1.691618138677242e-06_seed-42,bit16-4,bit16,4,trefi2048,2048,1.691618138677242e-06,12.896101582252875,False,False,1.0,45.0,42
fault_llama_bf16_bitwise16_bit16-5_bersem-independent_lpddr5_Vendor-A_trefi2048_tres1h_T45_ber-1.691618138677242e-06_seed-42,bit16-5,bit16,5,trefi2048,2048,1.691618138677242e-06,12.897087162156138,False,False,1.0,45.0,42
fault_llama_bf16_bitwise16_bit16-6_bersem-independent_lpddr5_Vendor-A_trefi2048_tres1h_T45_ber-1.691618138677242e-06_seed-42,bit16-6,bit16,6,trefi2048,2048,1.691618138677242e-06,12.897150137191357,False,False,1.0,45.0,42
fault_llama_bf16_bitwise16_bit16-7_bersem-independent_lpddr5_Vendor-A_trefi2048_tres1h_T45_ber-1.691618138677242e-06_seed-42,bit16-7,bit16,7,trefi2048,2048,1.691618138677242e-06,12.896190296041633,False,False,1.0,45.0,42
fault_llama_bf16_bitwise16_bit16-8_bersem-independent_lpddr5_Vendor-A_trefi2048_tres1h_T45_ber-1.691618138677242e-06_seed-42,bit16-8,bit16,8,trefi2048,2048,1.691618138677242e-06,12.896546688933624,False,False,1.0,45.0,42
fault_llama_bf16_bitwise16_bit16-9_bersem-independent_lpddr5_Vendor-A_trefi2048_tres1h_T45_ber-1.691618138677242e-06_seed-42,bit16-9,bit16,9,trefi2048,2048,1.691618138677242e-06,12.94736216717345,False,False,1.0,45.0,42
fault_llama_bf16_bitwise16_bit16-10_bersem-independent_lpddr5_Vendor-A_trefi2048_tres1h_T45_ber-1.691618138677242e-06_seed-42,bit16-10,bit16,10,trefi2048,2048,1.691618138677242e-06,13.619912205236282,False,False,1.0,45.0,42
fault_llama_bf16_bitwise16_bit16-11_bersem-independent_lpddr5_Vendor-A_trefi2048_tres1h_T45_ber-1.691618138677242e-06_seed-42,bit16-11,bit16,11,trefi2048,2048,1.691618138677242e-06,12.896090688450027,False,False,1.0,45.0,42
fault_llama_bf16_bitwise16_bit16-12_bersem-independent_lpddr5_Vendor-A_trefi2048_tres1h_T45_ber-1.691618138677242e-06_seed-42,bit16-12,bit16,12,trefi2048,2048,1.691618138677242e-06,12.897390434661393,False,False,1.0,45.0,42
fault_llama_bf16_bitwise16_bit16-13_bersem-independent_lpddr5_Vendor-A_trefi2048_tres1h_T45_ber-1.691618138677242e-06_seed-42,bit16-13,bit16,13,trefi2048,2048,1.691618138677242e-06,12.897574065496997,False,False,1.0,45.0,42
fault_llama_bf16_bitwise16_bit16-14_bersem-independent_lpddr5_Vendor-A_trefi2048_tres1h_T45_ber-1.691618138677242e-06_seed-42,bit16-14,bit16,14,trefi2048,2048,1.691618138677242e-06,nan,False,True,1.0,45.0,42
fault_llama_bf16_bitwise16_bit16-15_bersem-independent_lpddr5_Vendor-A_trefi2048_tres1h_T45_ber-1.691618138677242e-06_seed-42,bit16-15,bit16,15,trefi2048,2048,1.691618138677242e-06,12.897065339371212,False,False,1.0,45.0,42
fault_llama_bf16_bitwise16_bit16-0_bersem-independent_lpddr5_Vendor-A_trefi4096_tres1h_T45_ber-2.119474459327808e-05_seed-42,bit16-0,bit16,0,trefi4096,4096,2.119474459327808e-05,12.895156189572745,False,False,1.0,45.0,42
fault_llama_bf16_bitwise16_bit16-1_bersem-independent_lpddr5_Vendor-A_trefi4096_tres1h_T45_ber-2.119474459327808e-05_seed-42,bit16-1,bit16,1,trefi4096,4096,2.119474459327808e-05,12.895858062725408,False,False,1.0,45.0,42
fault_llama_bf16_bitwise16_bit16-2_bersem-independent_lpddr5_Vendor-A_trefi4096_tres1h_T45_ber-2.119474459327808e-05_seed-42,bit16-2,bit16,2,trefi4096,4096,2.119474459327808e-05,12.89603629770046,False,False,1.0,45.0,42
fault_llama_bf16_bitwise16_bit16-3_bersem-independent_lpddr5_Vendor-A_trefi4096_tres1h_T45_ber-2.119474459327808e-05_seed-42,bit16-3,bit16,3,trefi4096,4096,2.119474459327808e-05,12.894996353646757,False,False,1.0,45.0,42
fault_llama_bf16_bitwise16_bit16-4_bersem-independent_lpddr5_Vendor-A_trefi4096_tres1h_T45_ber-2.119474459327808e-05_seed-42,bit16-4,bit16,4,trefi4096,4096,2.119474459327808e-05,12.895633926574568,False,False,1.0,45.0,42
fault_llama_bf16_bitwise16_bit16-5_bersem-independent_lpddr5_Vendor-A_trefi4096_tres1h_T45_ber-2.119474459327808e-05_seed-42,bit16-5,bit16,5,trefi4096,4096,2.119474459327808e-05,12.897848307337586,False,False,1.0,45.0,42
fault_llama_bf16_bitwise16_bit16-6_bersem-independent_lpddr5_Vendor-A_trefi4096_tres1h_T45_ber-2.119474459327808e-05_seed-42,bit16-6,bit16,6,trefi4096,4096,2.119474459327808e-05,12.896109691069041,False,False,1.0,45.0,42
fault_llama_bf16_bitwise16_bit16-7_bersem-independent_lpddr5_Vendor-A_trefi4096_tres1h_T45_ber-2.119474459327808e-05_seed-42,bit16-7,bit16,7,trefi4096,4096,2.119474459327808e-05,12.89742299894978,False,False,1.0,45.0,42
fault_llama_bf16_bitwise16_bit16-8_bersem-independent_lpddr5_Vendor-A_trefi4096_tres1h_T45_ber-2.119474459327808e-05_seed-42,bit16-8,bit16,8,trefi4096,4096,2.119474459327808e-05,12.914481350468588,False,False,1.0,45.0,42
fault_llama_bf16_bitwise16_bit16-9_bersem-independent_lpddr5_Vendor-A_trefi4096_tres1h_T45_ber-2.119474459327808e-05_seed-42,bit16-9,bit16,9,trefi4096,4096,2.119474459327808e-05,13.654371161489589,False,False,1.0,45.0,42
fault_llama_bf16_bitwise16_bit16-10_bersem-independent_lpddr5_Vendor-A_trefi4096_tres1h_T45_ber-2.119474459327808e-05_seed-42,bit16-10,bit16,10,trefi4096,4096,2.119474459327808e-05,45.461449182516844,False,False,1.0,45.0,42
fault_llama_bf16_bitwise16_bit16-11_bersem-independent_lpddr5_Vendor-A_trefi4096_tres1h_T45_ber-2.119474459327808e-05_seed-42,bit16-11,bit16,11,trefi4096,4096,2.119474459327808e-05,12.90857038756767,False,False,1.0,45.0,42
fault_llama_bf16_bitwise16_bit16-12_bersem-independent_lpddr5_Vendor-A_trefi4096_tres1h_T45_ber-2.119474459327808e-05_seed-42,bit16-12,bit16,12,trefi4096,4096,2.119474459327808e-05,12.896581763535172,False,False,1.0,45.0,42
fault_llama_bf16_bitwise16_bit16-13_bersem-independent_lpddr5_Vendor-A_trefi4096_tres1h_T45_ber-2.119474459327808e-05_seed-42,bit16-13,bit16,13,trefi4096,4096,2.119474459327808e-05,12.897304159742141,False,False,1.0,45.0,42
fault_llama_bf16_bitwise16_bit16-14_bersem-independent_lpddr5_Vendor-A_trefi4096_tres1h_T45_ber-2.119474459327808e-05_seed-42,bit16-14,bit16,14,trefi4096,4096,2.119474459327808e-05,nan,False,True,1.0,45.0,42
fault_llama_bf16_bitwise16_bit16-15_bersem-independent_lpddr5_Vendor-A_trefi4096_tres1h_T45_ber-2.119474459327808e-05_seed-42,bit16-15,bit16,15,trefi4096,4096,2.119474459327808e-05,12.90537001152241,False,False,1.0,45.0,42
fault_llama_bf16_bitwise16_bit16-0_bersem-independent_lpddr5_Vendor-A_trefi6400_tres1h_T45_ber-7.774046816089175e-05_seed-42,bit16-0,bit16,0,trefi6400,6400,7.774046816089175e-05,12.895797414814876,False,False,1.0,45.0,42
fault_llama_bf16_bitwise16_bit16-1_bersem-independent_lpddr5_Vendor-A_trefi6400_tres1h_T45_ber-7.774046816089175e-05_seed-42,bit16-1,bit16,1,trefi6400,6400,7.774046816089175e-05,12.89566689231358,False,False,1.0,45.0,42
fault_llama_bf16_bitwise16_bit16-2_bersem-independent_lpddr5_Vendor-A_trefi6400_tres1h_T45_ber-7.774046816089175e-05_seed-42,bit16-2,bit16,2,trefi6400,6400,7.774046816089175e-05,12.89526299182649,False,False,1.0,45.0,42
fault_llama_bf16_bitwise16_bit16-3_bersem-independent_lpddr5_Vendor-A_trefi6400_tres1h_T45_ber-7.774046816089175e-05_seed-42,bit16-3,bit16,3,trefi6400,6400,7.774046816089175e-05,12.896723816644291,False,False,1.0,45.0,42
fault_llama_bf16_bitwise16_bit16-4_bersem-independent_lpddr5_Vendor-A_trefi6400_tres1h_T45_ber-7.774046816089175e-05_seed-42,bit16-4,bit16,4,trefi6400,6400,7.774046816089175e-05,12.896809917273924,False,False,1.0,45.0,42
fault_llama_bf16_bitwise16_bit16-5_bersem-independent_lpddr5_Vendor-A_trefi6400_tres1h_T45_ber-7.774046816089175e-05_seed-42,bit16-5,bit16,5,trefi6400,6400,7.774046816089175e-05,12.895862893243606,False,False,1.0,45.0,42
fault_llama_bf16_bitwise16_bit16-6_bersem-independent_lpddr5_Vendor-A_trefi6400_tres1h_T45_ber-7.774046816089175e-05_seed-42,bit16-6,bit16,6,trefi6400,6400,7.774046816089175e-05,12.89617678465129,False,False,1.0,45.0,42
fault_llama_bf16_bitwise16_bit16-7_bersem-independent_lpddr5_Vendor-A_trefi6400_tres1h_T45_ber-7.774046816089175e-05_seed-42,bit16-7,bit16,7,trefi6400,6400,7.774046816089175e-05,12.906040231728092,False,False,1.0,45.0,42
fault_llama_bf16_bitwise16_bit16-8_bersem-independent_lpddr5_Vendor-A_trefi6400_tres1h_T45_ber-7.774046816089175e-05_seed-42,bit16-8,bit16,8,trefi6400,6400,7.774046816089175e-05,12.957968880889926,False,False,1.0,45.0,42
fault_llama_bf16_bitwise16_bit16-9_bersem-independent_lpddr5_Vendor-A_trefi6400_tres1h_T45_ber-7.774046816089175e-05_seed-42,bit16-9,bit16,9,trefi6400,6400,7.774046816089175e-05,16.308409889978662,False,False,1.0,45.0,42
fault_llama_bf16_bitwise16_bit16-10_bersem-independent_lpddr5_Vendor-A_trefi6400_tres1h_T45_ber-7.774046816089175e-05_seed-42,bit16-10,bit16,10,trefi6400,6400,7.774046816089175e-05,3433144.5964721544,False,False,1.0,45.0,42
fault_llama_bf16_bitwise16_bit16-11_bersem-independent_lpddr5_Vendor-A_trefi6400_tres1h_T45_ber-7.774046816089175e-05_seed-42,bit16-11,bit16,11,trefi6400,6400,7.774046816089175e-05,12.973352537084835,False,False,1.0,45.0,42
fault_llama_bf16_bitwise16_bit16-12_bersem-independent_lpddr5_Vendor-A_trefi6400_tres1h_T45_ber-7.774046816089175e-05_seed-42,bit16-12,bit16,12,trefi6400,6400,7.774046816089175e-05,12.905334639589666,False,False,1.0,45.0,42
fault_llama_bf16_bitwise16_bit16-13_bersem-independent_lpddr5_Vendor-A_trefi6400_tres1h_T45_ber-7.774046816089175e-05_seed-42,bit16-13,bit16,13,trefi6400,6400,7.774046816089175e-05,12.906192461102627,False,False,1.0,45.0,42
fault_llama_bf16_bitwise16_bit16-14_bersem-independent_lpddr5_Vendor-A_trefi6400_tres1h_T45_ber-7.774046816089175e-05_seed-42,bit16-14,bit16,14,trefi6400,6400,7.774046816089175e-05,nan,False,True,1.0,45.0,42
fault_llama_bf16_bitwise16_bit16-15_bersem-independent_lpddr5_Vendor-A_trefi6400_tres1h_T45_ber-7.774046816089175e-05_seed-42,bit16-15,bit16,15,trefi6400,6400,7.774046816089175e-05,12.939225897835408,False,False,1.0,45.0,42
fault_llama_bf16_bitwise16_bit16-0_bersem-independent_lpddr5_Vendor-A_trefi8192_tres1h_T45_ber-0.0001671646860548215_seed-42,bit16-0,bit16,0,trefi8192,8192,0.0001671646860548215,12.897045035380211,False,False,1.0,45.0,42
fault_llama_bf16_bitwise16_bit16-1_bersem-independent_lpddr5_Vendor-A_trefi8192_tres1h_T45_ber-0.0001671646860548215_seed-42,bit16-1,bit16,1,trefi8192,8192,0.0001671646860548215,12.89660543331695,False,False,1.0,45.0,42
fault_llama_bf16_bitwise16_bit16-2_bersem-independent_lpddr5_Vendor-A_trefi8192_tres1h_T45_ber-0.0001671646860548215_seed-42,bit16-2,bit16,2,trefi8192,8192,0.0001671646860548215,12.893904212688975,False,False,1.0,45.0,42
fault_llama_bf16_bitwise16_bit16-3_bersem-independent_lpddr5_Vendor-A_trefi8192_tres1h_T45_ber-0.0001671646860548215_seed-42,bit16-3,bit16,3,trefi8192,8192,0.0001671646860548215,12.897048561762546,False,False,1.0,45.0,42
fault_llama_bf16_bitwise16_bit16-4_bersem-independent_lpddr5_Vendor-A_trefi8192_tres1h_T45_ber-0.0001671646860548215_seed-42,bit16-4,bit16,4,trefi8192,8192,0.0001671646860548215,12.895896628709314,False,False,1.0,45.0,42
fault_llama_bf16_bitwise16_bit16-5_bersem-independent_lpddr5_Vendor-A_trefi8192_tres1h_T45_ber-0.0001671646860548215_seed-42,bit16-5,bit16,5,trefi8192,8192,0.0001671646860548215,12.897830133210752,False,False,1.0,45.0,42
fault_llama_bf16_bitwise16_bit16-6_bersem-independent_lpddr5_Vendor-A_trefi8192_tres1h_T45_ber-0.0001671646860548215_seed-42,bit16-6,bit16,6,trefi8192,8192,0.0001671646860548215,12.90078067638452,False,False,1.0,45.0,42
fault_llama_bf16_bitwise16_bit16-7_bersem-independent_lpddr5_Vendor-A_trefi8192_tres1h_T45_ber-0.0001671646860548215_seed-42,bit16-7,bit16,7,trefi8192,8192,0.0001671646860548215,12.916922122336684,False,False,1.0,45.0,42
fault_llama_bf16_bitwise16_bit16-8_bersem-independent_lpddr5_Vendor-A_trefi8192_tres1h_T45_ber-0.0001671646860548215_seed-42,bit16-8,bit16,8,trefi8192,8192,0.0001671646860548215,13.109261994657949,False,False,1.0,45.0,42
fault_llama_bf16_bitwise16_bit16-9_bersem-independent_lpddr5_Vendor-A_trefi8192_tres1h_T45_ber-0.0001671646860548215_seed-42,bit16-9,bit16,9,trefi8192,8192,0.0001671646860548215,23.368821835589802,False,False,1.0,45.0,42
fault_llama_bf16_bitwise16_bit16-10_bersem-independent_lpddr5_Vendor-A_trefi8192_tres1h_T45_ber-0.0001671646860548215_seed-42,bit16-10,bit16,10,trefi8192,8192,0.0001671646860548215,6172350399.877565,False,False,1.0,45.0,42
fault_llama_bf16_bitwise16_bit16-11_bersem-independent_lpddr5_Vendor-A_trefi8192_tres1h_T45_ber-0.0001671646860548215_seed-42,bit16-11,bit16,11,trefi8192,8192,0.0001671646860548215,1700.5099897835526,False,False,1.0,45.0,42
fault_llama_bf16_bitwise16_bit16-12_bersem-independent_lpddr5_Vendor-A_trefi8192_tres1h_T45_ber-0.0001671646860548215_seed-42,bit16-12,bit16,12,trefi8192,8192,0.0001671646860548215,12.923753032458976,False,False,1.0,45.0,42
fault_llama_bf16_bitwise16_bit16-13_bersem-independent_lpddr5_Vendor-A_trefi8192_tres1h_T45_ber-0.0001671646860548215_seed-42,bit16-13,bit16,13,trefi8192,8192,0.0001671646860548215,12.924041770734014,False,False,1.0,45.0,42
fault_llama_bf16_bitwise16_bit16-14_bersem-independent_lpddr5_Vendor-A_trefi8192_tres1h_T45_ber-0.0001671646860548215_seed-42,bit16-14,bit16,14,trefi8192,8192,0.0001671646860548215,nan,False,True,1.0,45.0,42
fault_llama_bf16_bitwise16_bit16-15_bersem-independent_lpddr5_Vendor-A_trefi8192_tres1h_T45_ber-0.0001671646860548215_seed-42,bit16-15,bit16,15,trefi8192,8192,0.0001671646860548215,13.022767212533637,False,False,1.0,45.0,42
